<?xml version="1.0" encoding="UTF-8"?>
<project-private xmlns="http://www.netbeans.org/ns/project-private/1">
    <editor-bookmarks xmlns="http://www.netbeans.org/ns/editor-bookmarks/2" lastBookmarkId="0"/>
    <open-files xmlns="http://www.netbeans.org/ns/projectui-open-files/2">
        <group>
            <file>file:/E:/Incapp%20Java/Umeedo%20Ke%20Pankh/src/java/db/DbConnect.java</file>
            <file>file:/E:/Incapp%20Java/Umeedo%20Ke%20Pankh/src/java/BookInsert.java</file>
            <file>file:/E:/Incapp%20Java/Umeedo%20Ke%20Pankh/web/student-login.jsp</file>
            <file>file:/E:/Incapp%20Java/Umeedo%20Ke%20Pankh/web/student-login-failure.jsp</file>
        </group>
    </open-files>
</project-private>
